Institución,DPTO_CCDGO,MPIO_CCDGO,CPOB_CCDGO,SETU_CCNCT,SHAPE_Leng,SHAPE_Area,SETU_CCDGO,Estrato 1_Con acueducto,Estrato 1_Sin acueducto,Estrato 2_Con acueducto,Estrato 2_Sin acueducto,Estrato 3_Con acueducto,Estrato 3_Sin acueducto,Estrato 4_Con acueducto,Estrato 4_Sin acueducto,Estrato 5_Con acueducto,Estrato 5_Sin acueducto,Estrato 6_Con acueducto,Estrato 6_Sin acueducto,No reporta estrato_Con acueducto,No reporta estrato_No reporta acueducto,No reporta estrato_Sin acueducto,No sabe el estrato_Con acueducto,No sabe el estrato_Sin acueducto,Sin Estrato_Con acueducto,Sin Estrato_Sin acueducto,H_NRO_DORMIT,Hombre_de 00 A 04 Años,Hombre_de 05 A 09 Años,Hombre_de 10 A 14 Años,Hombre_de 100 y más Años,Hombre_de 15 A 19 Años,Hombre_de 20 A 24 Años,Hombre_de 25 A 29 Años,Hombre_de 30 A 34 Años,Hombre_de 35 A 39 Años,Hombre_de 40 A 44 Años,Hombre_de 45 A 49 Años,Hombre_de 50 A 54 Años,Hombre_de 55 A 59 Años,Hombre_de 60 A 64 Años,Hombre_de 65 A 69 Años,Hombre_de 70 A 74 Años,Hombre_de 75 A 79 Años,Hombre_de 80 A 84 Años,Hombre_de 85 A 89 Años,Hombre_de 90 A 94 Años,Hombre_de 95 A 99 Años,Mujer_de 00 A 04 Años,Mujer_de 05 A 09 Años,Mujer_de 10 A 14 Años,Mujer_de 100 y más Años,Mujer_de 15 A 19 Años,Mujer_de 20 A 24 Años,Mujer_de 25 A 29 Años,Mujer_de 30 A 34 Años,Mujer_de 35 A 39 Años,Mujer_de 40 A 44 Años,Mujer_de 45 A 49 Años,Mujer_de 50 A 54 Años,Mujer_de 55 A 59 Años,Mujer_de 60 A 64 Años,Mujer_de 65 A 69 Años,Mujer_de 70 A 74 Años,Mujer_de 75 A 79 Años,Mujer_de 80 A 84 Años,Mujer_de 85 A 89 Años,Mujer_de 90 A 94 Años,Mujer_de 95 A 99 Años,Area
AM SALUD SAS - Carrera 14 15 77,11,11001,11001000,110011000000008312,0.0175562999374,1.69560804754e-5,8312,11,0,28,0,31,0,9,0,365,0,21,0,2,90,0,1,0,2,0,3563,19,19,21,0,23,34,40,44,39,33,26,34,31,34,17,20,13,4,2,11,0,15,10,21,2,29,33,48,37,49,26,41,33,35,45,28,29,13,22,16,10,1,208040.899735633
ASISTIR SALUD  - CRA 99 No 20 C 61,11,11001,11001000,110011000000006410,0.0281691446883,4.79003664354e-5,6410,2,0,43,0,2853,1,9,0,2,0,2,0,1,164,2,4,0,1,0,10185,263,277,314,1,347,389,407,362,337,306,264,245,275,210,164,113,74,49,33,9,3,210,258,257,0,338,447,421,394,366,296,298,313,331,274,197,131,122,82,57,24,4,587700.029919695
ASISTIR SALUD LEON XIII -Calle 49 No. 7 21,NA,NA,NA,NA,NA,NA,NA,NA,NA,NA,NA,NA,NA,NA,NA,NA,NA,NA,NA,NA,NA,NA,NA,NA,NA,NA,NA,NA,NA,NA,NA,NA,NA,NA,NA,NA,NA,NA,NA,NA,NA,NA,NA,NA,NA,NA,NA,NA,NA,NA,NA,NA,NA,NA,NA,NA,NA,NA,NA,NA,NA,NA,NA,NA,NA,NA,NA,NA,NA,NA
Asistir Salud SAS Quiroga - Avenida Caracas 31-19 Sur,11,11001,11001000,110011000000001402,0.0335997571109,4.18806801932e-5,1402,12,0,304,0,4146,5,11,0,0,0,1,0,5,130,2,5,0,1,0,13041,342,434,481,0,515,673,629,543,497,380,432,448,394,247,217,183,164,78,42,15,4,342,422,454,3,549,644,653,542,580,475,560,532,426,344,284,218,188,127,69,27,7,513912.980244413
ASMEDAN CARRERA 30 - AV. PRIMERO DE MAYO No. 34 - 27 Sur P1 y MN,11,11001,11001000,110011000000002301,0.0254418113394,2.75659785705e-5,2301,2,0,11,1,1462,1,1,0,1,0,1,0,1,46,1,2,0,1,0,4655,105,122,143,0,170,226,192,164,163,122,138,170,155,98,80,58,53,41,14,12,1,88,105,158,0,137,232,182,188,177,157,159,201,169,119,111,71,58,61,27,11,1,338251.530030321
AURUM MEDICAL SAS - Calle 2 No. 28 06,11,11001,11001000,110011000000004108,0.021491023208,2.66206181698e-5,4108,3,0,24,0,1796,1,5,0,1,0,1,0,2,212,0,3,0,0,0,5281,133,106,133,1,160,215,252,242,202,162,136,167,181,171,109,71,44,49,31,13,3,131,133,163,0,171,233,285,227,167,183,177,228,227,185,138,96,82,68,50,24,8,326647.748778023
AYUDAS DIAGNÓSTICAS SURA LA MUJER - KR 19 C No 91 08,11,11001,11001000,110011000000008308,0.0390342643129,5.04125178576e-5,8308,18,5,47,0,51,0,40,0,61,0,3421,2,4,805,0,14,0,0,1,11194,229,181,153,5,191,212,290,335,355,355,233,262,276,245,174,131,66,52,53,18,7,223,206,159,11,177,247,318,401,426,361,318,349,362,288,209,155,129,88,84,41,12,618523.108775727
BIENESTAR IPS  - Carrera 7 No. 52-53,11,11001,11001000,110011000000008212,0.023360866511,2.79439010124e-5,8212,29,1,119,1,136,0,2554,3,8,0,5,0,2,457,1,17,0,4,0,6587,68,68,59,2,139,263,440,433,287,204,112,110,107,89,73,47,28,19,14,1,0,62,63,59,1,123,359,426,371,282,178,144,139,157,154,81,59,44,34,27,8,1,342868.171942772
CAFAM CALLE 48 - Carrera 13  No. 48 47,11,11001,11001000,110011000000008212,0.023360866511,2.79439010124e-5,8212,29,1,119,1,136,0,2554,3,8,0,5,0,2,457,1,17,0,4,0,6587,68,68,59,2,139,263,440,433,287,204,112,110,107,89,73,47,28,19,14,1,0,62,63,59,1,123,359,426,371,282,178,144,139,157,154,81,59,44,34,27,8,1,342868.171942772
CAFAM CALLE 90 -  Kra 17 # 90-13,11,11001,11001000,110011000000008308,0.0390342643129,5.04125178576e-5,8308,18,5,47,0,51,0,40,0,61,0,3421,2,4,805,0,14,0,0,1,11194,229,181,153,5,191,212,290,335,355,355,233,262,276,245,174,131,66,52,53,18,7,223,206,159,11,177,247,318,401,426,361,318,349,362,288,209,155,129,88,84,41,12,618523.108775727
CAFAM CLINICA CALLE 51  - Calle 51 No. 15 - 37,11,11001,11001000,110011000000007204,0.0180872704107,1.80463069348e-5,7204,16,0,38,0,1811,2,251,0,1,0,3,0,3,176,0,13,0,4,0,5116,76,76,85,3,161,251,333,295,253,151,96,121,108,83,62,38,35,24,10,2,1,77,83,85,1,118,301,309,280,220,145,115,137,156,95,94,48,39,40,19,8,2,221425.110541873
CAFESALUD MP -MEDPLUS - Carrera 14 No. 94 - 49,11,11001,11001000,110011000000008307,0.0435760052961,7.86896249657e-5,8307,19,22,70,3,68,0,53,0,81,0,3339,1,7,916,3,9,0,1,0,14060,204,127,136,3,171,223,309,426,412,299,218,235,257,212,168,119,76,66,32,13,3,197,150,138,5,183,297,380,449,374,310,292,296,344,271,218,157,109,90,61,28,8,965457.388221986
CAS CAFAM FLORESTA - AV CRA 68 No. 90-88,11,11001,11001000,110011000000005307,0.0401047778077,7.51064026674e-5,5307,8,2,62,0,308,0,3737,2,22,0,2,0,4,377,1,19,0,1,0,11962,225,236,222,2,293,412,380,361,405,360,359,364,355,320,231,187,174,99,84,29,1,196,205,225,2,260,388,432,425,472,391,386,465,516,414,386,296,237,207,113,53,14,921480.010780834
CAS CAFAM SUBA - CRA 113 No.142 A - 98,11,11001,11001000,110011000000009217,0.0428531499206,9.0363410805e-5,9217,15,0,1442,2,12066,1,17,0,7,0,6,0,7,1115,0,12,0,2,1,36348,1023,1090,1257,2,1510,1831,1876,1702,1598,1268,1218,1379,1089,752,518,302,196,90,38,15,8,998,1126,1144,3,1493,1993,1932,1804,1776,1507,1668,1798,1487,1091,781,521,320,226,132,53,7,1108572.74216832
CENTRO DE ESPECIALISTAS IPS LOGROS - AC 24 No. 83 25,11,11001,11001000,110011000000007401,0.038017377171,5.55646325491e-5,7401,10,0,14,0,63,0,1803,0,12,0,1,0,2,333,0,5,0,1,0,6310,64,63,73,5,93,161,189,185,159,119,106,121,161,153,140,100,67,44,30,19,7,63,65,77,4,120,193,183,168,165,158,152,202,224,237,179,148,109,103,74,44,18,681736.447817586
CENTRO DE MEDICINA NAVAL (CEMED) - Carrera 27 No. 43-39,11,11001,11001000,110011000000006503,0.03889818845,7.148457835e-5,6503,6,0,26,0,603,0,6,0,1,0,0,0,2,79,0,4,0,0,0,2348,50,47,49,1,57,118,94,81,85,62,59,64,53,48,24,11,11,6,6,2,0,45,35,38,1,55,100,104,71,79,50,51,49,71,36,23,18,25,17,12,8,1,877112.646411555
CENTRO MEDICO CIUDADELA COLSUBSIDIO - Cra. 111a No. 82-36,11,11001,11001000,110011000000005636,0.101205740176,2.9871087999e-4,5636,7,0,58,0,19423,3,36,1,10,0,7,0,24,2014,2,22,0,2,1,53116,1063,1324,1575,5,2112,2573,2504,2046,1930,1734,1740,2193,2092,1559,925,572,319,206,100,39,11,1002,1340,1450,12,2038,2544,2477,2188,2245,2127,2402,2932,2864,2075,1441,925,597,425,273,104,36,3664681.70392904
CENTRO MEDICO COLSUBSIDIO IPANEMA - CL 26 SUR # 93 D 12,11,11001,11001000,110011000000004555,0.023688298566,2.89857132451e-5,4555,13,2,5157,7,77,0,5,0,0,0,0,0,3,977,2,13,0,1,0,12256,585,686,573,1,526,655,822,981,908,544,402,267,175,126,78,45,21,8,1,5,1,673,634,592,0,529,766,994,1087,909,633,445,368,336,214,138,93,43,19,13,8,0,355644.310280055
CENTRO MEDICO LABORATORIO CLINICO OLAYA E.U. - CRA 21 NO 26-54 SUR,11,11001,11001000,110011000000002526,0.0395682714449,4.50192693062e-5,2526,4597,10,1479,1,113,0,3,0,0,0,0,0,12,161,4,5,0,5,0,16946,864,873,930,0,917,1109,1108,951,796,565,499,507,479,377,249,155,101,38,20,6,5,826,935,992,2,986,1147,1086,930,766,590,556,580,600,452,315,179,87,69,42,8,5,552450.327665577
CENTRO POLICLINICO DEL OLAYA - Cra. 21 No 22-66 Sur,11,11001,11001000,110011000000002526,0.0395682714449,4.50192693062e-5,2526,4597,10,1479,1,113,0,3,0,0,0,0,0,12,161,4,5,0,5,0,16946,864,873,930,0,917,1109,1108,951,796,565,499,507,479,377,249,155,101,38,20,6,5,826,935,992,2,986,1147,1086,930,766,590,556,580,600,452,315,179,87,69,42,8,5,552450.327665577
CLINICA  VIP COLPATRIA - Calle 97 No. 23 - 10,11,11001,11001000,110011000000008315,0.032969756612,5.24013751182e-5,8315,5,1,20,0,45,1,23,0,206,0,3072,0,6,653,2,7,0,2,0,9401,179,145,120,4,128,241,317,386,391,277,201,189,190,197,161,117,77,49,31,17,6,182,139,86,4,130,260,369,450,389,288,240,260,278,243,192,142,101,70,57,27,8,642916.33821235
CLINICA DE MARLY S.A - BANCO DE SANGRE - Cll 50 No. 9-67,11,11001,11001000,110011000000008212,0.023360866511,2.79439010124e-5,8212,29,1,119,1,136,0,2554,3,8,0,5,0,2,457,1,17,0,4,0,6587,68,68,59,2,139,263,440,433,287,204,112,110,107,89,73,47,28,19,14,1,0,62,63,59,1,123,359,426,371,282,178,144,139,157,154,81,59,44,34,27,8,1,342868.171942772
CLINICA DEL OCCIDENTE - Av Americas No 71 C 29,11,11001,11001000,110011000000004501,0.0329491412101,5.51359130564e-5,4501,5,0,255,0,2994,0,9,0,3,0,1,0,3,296,1,5,0,0,0,9366,201,246,277,0,343,427,404,400,369,313,289,290,311,231,210,146,99,79,37,6,3,202,224,294,3,335,433,432,385,431,363,372,400,405,320,270,188,153,120,74,31,3,676519.207321441
CLINICA EUSALUD TRAUMATOLOGÍA Y ORTOPEDIA - Carrera 78 No. 3A 40,11,11001,11001000,110011000000004531,0.0273241937921,3.53081495545e-5,4531,0,0,9,0,244,1,1288,2,1,0,1,0,3,109,1,3,0,0,0,5283,87,99,127,3,181,237,216,153,152,179,145,189,166,135,120,99,77,42,30,9,1,101,99,135,0,175,211,181,177,190,172,181,211,199,232,137,108,94,55,32,18,6,433231.160423422
CLINICA LA COLINA,11,11001,11001000,110011000000009114,0.0478676407161,1.19628899685e-4,9114,9,0,54,0,5932,4,7310,2,668,0,14,0,18,1351,2,29,0,1,0,40099,1019,1149,1208,3,1459,1608,1559,1493,1605,1451,1310,1426,1179,816,650,386,260,148,74,32,11,940,1114,1232,5,1479,1699,1727,1700,1915,1762,1728,1705,1501,1231,967,656,453,306,158,71,23,1467601.67082358
CLINICA LOS NOGALES - Transversal 23 #94A-39,11,11001,11001000,110011000000008315,0.032969756612,5.24013751182e-5,8315,5,1,20,0,45,1,23,0,206,0,3072,0,6,653,2,7,0,2,0,9401,179,145,120,4,128,241,317,386,391,277,201,189,190,197,161,117,77,49,31,17,6,182,139,86,4,130,260,369,450,389,288,240,260,278,243,192,142,101,70,57,27,8,642916.33821235
CLINICA MARLY,11,11001,11001000,110011000000008212,0.023360866511,2.79439010124e-5,8212,29,1,119,1,136,0,2554,3,8,0,5,0,2,457,1,17,0,4,0,6587,68,68,59,2,139,263,440,433,287,204,112,110,107,89,73,47,28,19,14,1,0,62,63,59,1,123,359,426,371,282,178,144,139,157,154,81,59,44,34,27,8,1,342868.171942772
CLINICA NUEVA EL LAGO,11,11001,11001000,110011000000008313,0.0193014245696,2.01734631881e-5,8313,86,1,67,0,33,0,28,0,599,1,6,0,3,129,2,3,1,1,0,4530,25,28,45,2,40,102,117,87,70,57,62,54,50,23,36,25,11,7,3,5,0,34,28,39,1,58,102,103,89,69,42,51,65,56,50,35,26,16,19,11,3,1,247515.615310591
CLINICA PEDIATRICA COLSANITAS - Calle 127 #20-56 Piso 2,11,11001,11001000,110011000000008401,0.0349780627338,6.18739035348e-5,8401,1,0,9,0,8,0,32,0,3404,0,54,0,4,285,0,8,0,3,0,9435,164,255,207,4,302,348,298,244,275,285,257,340,332,304,257,179,123,78,49,20,3,179,220,278,4,315,376,334,288,366,372,380,447,476,403,304,203,162,106,58,31,7,759104.653175741
CLINICA SAN DIEGO CIOSAD S.A. - Calle 33A Bis No. 14-37,11,11001,11001000,110011000000007104,0.0259502577195,2.92123710075e-5,7104,54,0,45,0,128,0,927,1,3,0,2,0,2,147,1,7,0,0,0,4259,60,49,62,1,86,121,159,139,148,100,57,77,58,51,38,22,18,17,11,4,1,41,52,51,1,71,109,156,162,138,94,66,84,108,71,43,28,36,24,12,5,1,358438.465748377
CLINICA SAN NICOLAS - Carrera 28 No. 74-24,11,11001,11001000,110011000000007407,0.0139199108045,1.06908229569e-5,7407,6,1,5,0,653,0,2,0,0,0,0,0,1,61,1,0,0,1,0,1822,39,38,48,0,60,88,92,94,57,61,44,58,59,38,35,30,18,16,7,4,2,41,50,46,0,49,92,83,81,67,60,61,67,58,52,46,34,26,16,14,4,1,131169.437104776
CLINISANITAS SALITRE - Carrera 68 No. 24B-10,11,11001,11001000,110011000000006303,0.0552857330266,1.85584713894e-4,6303,538,37,1333,4,3470,2,8913,2,1458,2,41,0,56,1598,32,79,4,18,9,50368,810,876,1028,8,1597,2074,1817,1613,1556,1188,1150,1450,1376,1152,789,494,336,172,93,37,4,807,841,925,9,1309,1837,1801,1693,1715,1561,1606,1854,1873,1430,1043,681,481,301,163,53,21,2277040.67311652
COLMEDICA MP COLINA CAMPESTRE - Carrera 51 # 151- 27,11,11001,11001000,110011000000009115,0.0856993488385,2.22819183668e-4,9115,14,0,771,2,4723,3,12984,3,4297,2,32,0,32,3105,0,54,0,5,0,60879,1543,1737,1798,12,2076,2441,2431,2174,2492,2490,2238,2102,1705,1200,897,614,436,275,148,64,16,1452,1705,1761,18,2130,2592,2505,2609,3092,2956,2734,2616,2247,1828,1450,1007,710,497,245,128,41,2733577.31203685
COLMEDICA SANTA BARBARA-Avenida Carrera 45 (Autopista Norte )122-88,11,11001,11001000,110011000000008417,0.0389123765944,8.44290502813e-5,8417,9,1,30,0,29,0,42,0,3714,0,1924,2,8,914,0,16,0,1,0,13011,298,250,198,7,250,398,464,520,561,462,343,366,394,383,300,233,169,116,64,37,9,288,216,191,5,271,474,582,635,647,555,464,469,593,458,379,328,239,192,90,47,10,1035839.65814306
COLSANITAS CENTRAL DE REFERENCIA - CRA 69C # 99-45,11,11001,11001000,110011000000005403,0.0430742249676,8.30954240857e-5,5403,3,0,24,0,1259,2,2512,0,12,0,5,1,4,370,0,7,1,2,0,12104,233,212,254,0,264,424,402,406,377,339,308,336,316,284,241,172,130,90,56,15,1,193,228,217,4,273,413,397,449,443,419,398,419,453,393,334,273,210,144,89,34,24,1019492.91868299
COLSANITAS CLINICA REINA SOFIA - Carrera 21 No 127-03,11,11001,11001000,110011000000008401,0.0349780627338,6.18739035348e-5,8401,1,0,9,0,8,0,32,0,3404,0,54,0,4,285,0,8,0,3,0,9435,164,255,207,4,302,348,298,244,275,285,257,340,332,304,257,179,123,78,49,20,3,179,220,278,4,315,376,334,288,366,372,380,447,476,403,304,203,162,106,58,31,7,759104.653175741
COLSANITAS CLINICA SANTA MARIA DEL LAGO - Carrera 77A 73A 10,11,11001,11001000,110011000000005609,0.0209427185168,2.70039846606e-5,5609,14,0,129,0,3490,0,7,0,1,0,0,0,3,250,2,9,0,1,0,9759,266,251,309,1,397,487,532,420,368,294,296,360,304,195,122,81,101,78,58,20,5,228,291,286,2,385,522,570,417,410,388,345,437,362,219,171,144,173,153,68,26,4,331308.919988953
COLSANITAS CLINICA UNIVERSITARIA COLOMBIA-Calle 22 B No 66-46,11,11001,11001000,110011000000006318,0.0490171455801,1.33451107947e-4,6318,19,0,73,0,144,0,6750,1,696,0,6,0,10,727,2,19,0,2,0,22243,439,475,538,5,702,778,637,600,728,726,823,852,798,537,351,204,160,77,34,14,5,446,473,567,3,656,841,785,797,896,968,981,1018,861,612,485,345,208,134,71,29,4,1637410.55664099
COLSANITAS SEDE CALLE 96 - Calle 96 No 13A-44,11,11001,11001000,110011000000008301,0.0301851571276,4.6396705585e-5,8301,16,6,76,0,103,0,55,1,46,0,2017,2,7,626,3,8,0,1,0,15575,106,89,64,3,110,161,227,241,238,180,166,128,139,115,81,75,49,39,31,11,0,110,82,72,1,108,198,232,231,229,201,185,193,172,151,137,122,59,43,47,21,7,569246.850253016
COLSUBSIDIO - SEDE CLINICA INFANTIL CALLE 67 - Cll 67 No 10 67,11,11001,11001000,110011000000008214,0.0214318268189,2.24151692231e-5,8214,14,1,39,1,801,1,1278,0,9,0,5,0,4,315,0,12,0,6,0,7382,66,33,54,1,62,179,279,332,253,177,161,106,99,89,73,59,29,29,16,7,1,47,44,34,1,81,175,273,294,208,154,90,129,153,116,94,68,56,56,41,15,6,275025.751088626
COLSUBSIDIO CALLE 26-CALLE 26 No. 24-52 3er PISO,11,11001,11001000,110011000000007106,0.0154952525924,9.6511545933e-6,7106,15,1,30,0,424,0,97,0,1,0,1,0,0,59,0,7,0,2,0,4317,23,19,16,0,40,63,83,76,64,36,22,36,33,23,24,16,4,8,3,1,0,26,17,14,1,30,50,71,69,46,36,32,46,39,45,23,18,13,15,5,3,0,118420.704636462
COLSUBSIDIO CLINICA 94 - AK 45A 94 62,11,11001,11001000,110011000000005304,0.0359643178669,5.95424611329e-5,5304,15,0,41,0,58,0,693,0,1110,0,5,0,3,338,0,12,0,3,0,8307,95,69,87,3,107,159,180,185,165,165,126,140,144,130,129,66,49,38,34,14,6,90,74,84,3,115,194,195,209,187,177,160,172,237,189,163,108,83,80,62,33,9,730530.829937347
COLSUBSIDIO PORTAL NORTE-Autopista Norte No. 176-21/27,11,11001,11001000,110011000000009120,0.0462715519919,1.27075181375e-4,9120,11,0,31,0,3453,2,4765,1,112,0,3,0,7,708,1,18,0,2,0,21453,452,505,624,6,783,1058,1036,992,811,684,632,687,563,527,490,367,205,109,71,34,14,470,476,599,12,740,1129,1111,943,939,820,808,878,783,762,609,414,260,199,111,62,20,1558931.29289076
COLSUBSIDIO PRIMERO DE MAYO-AV PRIMERO DE MAYO No. 42 C - 10 Sur Piso 2,11,11001,11001000,110011000000004517,0.0574979041419,9.97614270755e-5,4517,51,0,9867,7,3802,2,11,1,14,0,6,0,20,549,5,17,0,2,0,40127,1476,1672,1714,11,1815,2238,2189,1980,1713,1365,1259,1418,1174,804,609,396,285,158,69,26,5,1466,1599,1609,5,1809,2327,2258,2002,1786,1556,1603,1568,1385,991,760,551,373,210,113,45,4,1224108.40058059
COLSUBSIDIO QUIROGA - Calle 38 sur No 18-30,11,11001,11001000,110011000000002204,0.0203626522625,2.48184399413e-5,2204,2,0,25,0,1638,1,2,0,1,0,1,0,3,69,0,0,0,0,0,5415,119,156,185,0,211,256,233,222,195,141,154,165,166,130,101,66,51,24,17,11,0,116,125,161,0,188,246,245,209,238,172,157,197,207,170,112,96,72,66,38,16,5,304543.405679008
COLSUBSIDIO RESTREPO-CALLE 19 No. 21-32,11,11001,11001000,110011000000002104,0.0282823960964,5.01270346692e-5,2104,7,0,24,1,3977,0,5,0,1,0,2,0,4,246,6,3,0,0,0,10827,282,375,387,0,444,531,489,418,387,355,402,441,404,287,191,142,110,56,25,13,0,273,343,379,1,449,535,511,449,478,449,433,465,426,354,224,148,128,104,49,14,9,615091.722125673
COLSUBSIDIO- SEDE CLINICA CIUDAD ROMA - Calle 53 sur No. 85-71,11,11001,11001000,110011000000004533,0.0308851566013,5.44052565385e-5,4533,27,2,4059,2,5703,1,10,0,1,0,4,0,10,731,1,12,0,1,0,27455,899,902,988,2,1170,1328,1320,1197,1177,959,884,819,756,586,527,386,222,123,66,16,5,741,921,920,4,1200,1386,1425,1188,1260,1066,1083,1111,953,839,746,544,319,193,104,36,7,667564.334130079
COLSUBSIDIO USAQUEN - AV 7 No. 123 - 65,11,11001,11001000,110011000000008413,0.0253773221942,2.63257257901e-5,8413,11,0,16,0,27,0,30,0,753,0,39,0,1,221,1,5,0,0,0,4372,51,26,34,1,32,71,77,131,107,69,43,53,41,32,19,14,17,5,6,4,3,45,22,19,1,37,71,124,143,97,63,40,47,57,49,45,25,20,18,18,7,6,322985.198565695
COMPENSAR ANDAR CALLE 80 - AC 80 # 69 K 27,11,11001,11001000,110011000000005405,0.0281266073534,3.75387462542e-5,5405,10,0,26,0,3100,2,5,0,1,0,5,0,2,124,0,1,0,0,0,6841,267,325,277,1,356,494,493,422,321,270,306,304,238,183,127,102,68,36,29,10,4,256,299,304,1,356,484,494,418,335,298,295,329,276,200,149,114,100,78,47,16,5,460563.173628945
COMPENSAR CLINICA JUAN N. CORPAS - Carrera 111 No.159 A-61,11,11001,11001000,110011000000009222,0.083099734062300007,2.13605209246e-4,9222,23,0,7627,5,16234,3,24,0,9,0,11,0,24,1680,1,20,0,1,0,67194,1973,2265,2701,3,3385,3945,3477,2861,2805,2660,2669,2357,1775,1161,696,435,254,148,55,29,6,1923,2234,2629,6,3245,3911,3472,3000,3305,3309,3368,3256,2567,1812,1195,815,490,305,201,83,18,2620469.49202036
COMPENSAR CLINICA PALERMO - KR 23 # 45 C 31,11,11001,11001000,110011000000007205,0.024934477249,2.92186407072e-5,7205,48,2,36,0,416,0,2199,1,2,0,1,0,5,139,1,22,0,0,0,7048,77,83,73,0,128,267,288,308,261,175,122,143,151,123,85,44,31,33,25,5,4,70,84,76,2,130,230,287,295,249,196,140,141,160,171,118,72,70,56,29,10,4,358509.514181287
COMPENSAR HOSPITAL UNIVERSITARIO BARRIOS UNIDOS MEDERI - Cl. 66a No. 52-25,11,11001,11001000,110011000000005102,0.0354823171324,4.82273303103e-5,5102,23,0,21,1,340,0,4855,0,6,0,2,0,5,488,0,13,0,2,0,14094,304,359,406,2,460,533,527,539,586,564,495,413,408,305,195,135,116,61,33,17,2,321,339,402,3,389,530,543,603,706,661,589,580,510,433,326,268,196,116,70,33,16,591719.263512701
COMPENSAR SEDE CARRERA 50 - Cra. 50 #5f-19,11,11001,11001000,110011000000004301,0.0223473181853,2.76904212032e-5,4301,1,0,4,0,51,0,0,0,0,0,0,0,0,4,0,0,0,0,0,487,5,8,8,0,9,11,13,9,8,5,11,7,14,9,2,2,3,2,1,2,0,6,3,9,0,7,13,12,14,14,8,9,11,13,1,4,4,3,5,1,0,0,339762.890033912
COMPENSAR SEDE CENTRAL DE PROCESAMIENTO DE LABORATORIO CLINICO - Calle 63 No. 28-42,11,11001,11001000,110011000000007201,0.0244022223119,3.31343389638e-5,7201,1,2,4,0,17,0,526,0,0,0,1,0,2,73,0,2,0,0,0,1696,20,22,24,0,38,35,60,71,66,51,36,43,37,32,32,26,16,4,5,3,2,22,31,25,0,33,51,74,56,64,54,50,43,59,47,38,35,20,15,16,7,0,406547.194293112
COMPENSAR SEDE CLINICA DEL COUNTRY - TM LABORATORIO CLINICO - Carrera 16 A No. 82-61,11,11001,11001000,110011000000008314,0.0216817941587,2.84554798114e-5,8314,12,1,9,0,20,0,13,0,1887,0,82,0,2,292,2,6,0,0,0,6635,130,80,56,6,75,102,178,232,268,184,128,94,107,111,73,53,28,20,9,8,3,114,63,60,3,56,138,197,285,278,178,111,146,139,153,95,66,48,42,38,15,8,349128.067260255
COMPENSAR SEDE SAMU ALQUERIA - Av. Cra 68 No. 31-41 sur PI 1,11,11001,11001000,110011000000004410,0.0431310370511,7.82313266288e-5,4410,25,1,6502,5,772,0,10,0,1,0,3,0,6,319,0,8,0,2,0,19863,741,775,757,0,935,1271,1286,976,852,694,752,621,515,381,271,258,204,141,51,20,5,677,760,747,0,896,1288,1213,952,817,755,789,831,603,445,375,363,293,200,104,37,16,959933.476489362
COMPENSAR UNIDAD DE SERVICIOS FONTIBON - Carrera 104  No.14-50,11,11001,11001000,110011000000006417,0.0802454708786,1.58978206176e-4,6417,4,0,524,0,1656,1,6,0,0,0,0,0,5,122,0,6,0,0,0,7527,191,226,261,0,284,354,331,264,249,214,221,208,207,151,79,64,38,21,10,1,1,139,214,253,0,287,396,332,294,306,273,282,335,217,169,139,94,58,33,21,6,3,1950546.19173064
COMPENSAR UNIDAD DE SERVICIOS KENNEDY-Trans. 78H No. 41 C-48 sur,11,11001,11001000,110011000000004512,0.0327125801537,2.9489863152e-5,4512,7,1,20,0,2376,0,5,0,1,0,2,0,2,116,0,2,0,1,0,7814,195,192,274,2,281,331,323,279,249,246,196,259,281,246,146,102,75,52,22,13,5,154,217,224,1,261,347,342,294,299,249,256,325,315,284,175,136,114,76,63,25,5,361847.57765834
CORVESALUD,11,11001,11001000,110011000000008101,0.0176737709786,1.55769571197e-5,8101,5,2,54,0,753,0,29,0,3,0,2,0,2,187,0,2,0,2,0,2457,16,17,12,0,41,70,91,103,87,65,42,45,35,34,38,22,18,9,7,2,2,13,17,20,0,26,64,84,91,67,58,47,49,53,50,30,19,19,16,3,2,0,191130.259366116
CORVESALUD LTDA SEDE KENNEDY - Avenida Boyacá No. 36-57 Sur,11,11001,11001000,110011000000004505,0.0438545337818,7.35995260844e-5,4505,11,0,48,0,5614,5,2,0,2,0,1,0,6,384,1,9,0,1,0,16583,399,468,567,10,675,800,798,685,667,535,464,505,497,417,278,234,139,102,41,14,6,406,489,496,9,630,782,806,700,715,568,624,709,652,514,393,293,208,107,82,26,9,903085.337854783
CORVESALUD SEDE FONTIBON - CALLE 17 No 96 H 51,11,11001,11001000,110011000000006407,0.027334140261,2.77433269314e-5,6407,3,0,847,0,1859,1,3,0,1,0,0,0,2,159,0,2,0,1,0,6992,214,264,259,1,300,411,396,341,315,265,235,250,212,188,122,71,52,24,9,8,3,201,222,265,2,310,415,387,346,328,298,304,311,281,214,159,106,91,49,15,12,1,340392.9810156
CRUZ ROJA COLOMBIANA -  Av. Cra 68 No. 68 B -31,11,11001,11001000,110011000000005503,0.038010749591,6.72677035927e-5,5503,6,1,69,1,4533,0,26,0,3,0,3,0,5,190,1,7,0,1,0,13046,311,342,413,0,475,573,600,551,481,432,381,430,426,345,212,154,113,91,47,19,7,293,310,349,3,489,617,635,578,526,486,421,545,500,387,293,230,170,168,119,53,12,825323.826264191
CRUZ ROJA COLOMBIANA NORTE - Calle 145 No. 21 92,11,11001,11001000,110011000000008515,0.0420155322459,8.01729125808e-5,8515,14,2,22,0,74,0,7138,1,1745,0,23,0,9,844,1,11,0,1,0,30348,397,298,269,7,382,641,913,1111,951,648,514,524,514,482,412,302,227,131,95,32,4,351,319,272,8,405,763,1125,1210,1014,685,633,683,794,776,641,484,385,273,160,66,20,983590.104323804
CUIDARTE TU SALUD SAS - Calle 63 69F 10,11,11001,11001000,110011000000005502,0.039417091422,6.11328429272e-5,5502,8,0,136,0,7675,2,24,0,4,0,5,0,14,406,0,23,0,2,0,21097,559,588,688,3,768,1066,1131,961,851,681,642,717,682,517,353,239,166,113,115,48,9,504,559,657,3,815,1079,1109,978,906,763,796,884,822,667,436,340,274,239,185,81,11,750050.787711173
DISPENSARIO MEDICO FUERZA AEREA-Carrera 45 No. 58 A - 56,11,11001,11001000,110011000000005106,0.030928130094,4.30345392497e-5,5106,14,0,101,0,71,0,1067,0,2474,3,7,0,8,558,0,17,0,2,0,12588,229,181,190,0,246,337,340,336,383,324,299,289,298,278,202,191,135,87,51,22,1,187,156,154,2,250,341,368,394,416,369,320,405,422,362,295,223,186,140,82,28,8,528019.797176965
ENFERMEROS EN CASA DE COLOMBIA SAS - Carrera 27 No. 3 21,11,11001,11001000,110011000000004109,0.021154488122,2.52017035939e-5,4109,1,0,29,0,1477,1,3,0,0,0,2,0,0,91,0,4,0,0,0,5365,100,91,152,1,151,208,199,184,165,129,138,159,124,119,80,63,46,26,22,5,1,108,100,121,0,144,239,208,182,169,156,162,169,194,138,99,85,77,54,35,10,9,309235.753096424
FUNDACIÓN CARDIOINFANTIL CLINICA DE CARDIOLOGIA - Calle 163 A No 12B-60,11,11001,11001000,110011000000008502,0.0315858188667,5.13160581489e-5,8502,15,0,41,0,2384,0,4910,0,8,0,4,0,11,483,0,16,0,1,0,28026,536,623,635,5,852,932,866,842,893,738,722,705,572,422,310,215,134,85,45,18,4,543,576,613,5,819,1055,1024,927,940,952,869,886,719,598,448,336,208,147,114,35,20,629547.309209861
FUNDACION CLINICA SHAIO - diag 115 A  70 C -75,11,11001,11001000,110011000000005402,0.053123818037,8.0120384317e-5,5402,7,2,34,0,974,0,6259,2,31,0,5,0,11,692,0,15,0,2,1,19690,570,557,525,2,628,719,605,716,923,839,795,675,594,409,265,180,106,68,46,10,5,546,527,478,7,634,787,765,885,1197,1021,805,841,707,543,467,265,211,140,85,39,14,982987.268055377
FUNDACION HOSPITAL SAN CARLOS - Carrera 13 No. 28-44 SUR,11,11001,11001000,110011000000001403,0.0296495922017,3.93508288312e-5,1403,3,0,38,0,2446,1,1,0,1,0,0,0,1,161,3,1,0,1,0,6918,152,225,277,1,281,330,322,278,296,268,223,201,230,164,97,69,26,22,10,2,1,174,216,242,0,316,362,338,275,321,306,347,294,287,219,150,78,75,42,26,7,2,482872.564602187
FUNDACION SANTA FE DE BOGOTA - Cll 119 No 9 - 33,11,11001,11001000,110011000000008413,0.0253773221942,2.63257257901e-5,8413,11,0,16,0,27,0,30,0,753,0,39,0,1,221,1,5,0,0,0,4372,51,26,34,1,32,71,77,131,107,69,43,53,41,32,19,14,17,5,6,4,3,45,22,19,1,37,71,124,143,97,63,40,47,57,49,45,25,20,18,18,7,6,322985.198565695
GLOBAL LIFE AMBULANCIAS - Calle 163 16C 62,11,11001,11001000,110011000000008516,0.0289971534127,3.86510423594e-5,8516,6,2,8,0,2282,0,11,0,2,0,2,0,3,86,0,4,0,2,0,13112,157,164,153,0,192,285,300,323,268,213,194,173,141,128,122,92,50,30,19,5,1,150,177,155,0,178,275,370,312,294,216,213,231,227,196,152,110,81,72,36,13,6,474173.292788945
GRUPO EMPRESARIAL SALUD POSITIVA - Carrera 21 No. 83 52,11,11001,11001000,110011000000007401,0.038017377171,5.55646325491e-5,7401,10,0,14,0,63,0,1803,0,12,0,1,0,2,333,0,5,0,1,0,6310,64,63,73,5,93,161,189,185,159,119,106,121,161,153,140,100,67,44,30,19,7,63,65,77,4,120,193,183,168,165,158,152,202,224,237,179,148,109,103,74,44,18,681736.447817586
HEALTH & LIFE IPS SAS - Carrera 66 67G 30,11,11001,11001000,110011000000005101,0.0245075167244,3.04963348727e-5,5101,12,0,22,1,611,0,1465,0,0,0,1,0,6,234,0,3,0,2,0,7028,109,109,178,0,186,239,229,214,229,196,175,213,205,162,112,79,64,59,47,15,5,85,109,122,2,183,232,236,235,250,199,225,293,264,220,167,90,132,106,49,17,9,374167.139897406
HOME SALUD SAS - CALLE 89 # 21-30,11,11001,11001000,110011000000007401,0.038017377171,5.55646325491e-5,7401,10,0,14,0,63,0,1803,0,12,0,1,0,2,333,0,5,0,1,0,6310,64,63,73,5,93,161,189,185,159,119,106,121,161,153,140,100,67,44,30,19,7,63,65,77,4,120,193,183,168,165,158,152,202,224,237,179,148,109,103,74,44,18,681736.447817586
HOME SALUD SAS - CALLE 89 # 21-30,11,11001,11001000,110011000000007401,0.038017377171,5.55646325491e-5,7401,10,0,14,0,63,0,1803,0,12,0,1,0,2,333,0,5,0,1,0,6310,64,63,73,5,93,161,189,185,159,119,106,121,161,153,140,100,67,44,30,19,7,63,65,77,4,120,193,183,168,165,158,152,202,224,237,179,148,109,103,74,44,18,681736.447817586
HOSPITAL CENTRAL DE LA POLICIA NACIONAL - Trans. 45 No 40 - 13,11,11001,11001000,110011000000005109,0.0348671282148,5.9814141659e-5,5109,0,0,5,0,35,0,12,0,5,0,1,0,0,0,0,0,0,1,0,2072,1,0,0,0,3,11,6,4,3,3,3,3,7,3,4,0,1,0,1,0,0,1,0,0,0,3,6,6,3,4,2,4,5,2,6,2,0,1,1,0,0,0,733904.369146147
HOSPITAL CENTRAL POLICIA NACIONAL - BANCO DE SANGRE - Cr 59 No.26-21,11,11001,11001000,110011000000005109,0.0348671282148,5.9814141659e-5,5109,0,0,5,0,35,0,12,0,5,0,1,0,0,0,0,0,0,1,0,2072,1,0,0,0,3,11,6,4,3,3,3,3,7,3,4,0,1,0,1,0,0,1,0,0,0,3,6,6,3,4,2,4,5,2,6,2,0,1,1,0,0,0,733904.369146147
HOSPITAL DE LA MISERICORDIA - Avda. Caracas No. 1-13,11,11001,11001000,110011000000004105,0.0255572071805,3.62494624137e-5,4105,17,3,254,0,3788,4,10,0,1,0,2,0,4,213,2,19,0,3,0,10865,271,318,299,2,347,660,595,502,381,299,280,283,269,220,167,116,69,50,22,4,1,260,300,336,1,408,578,502,400,378,326,341,352,363,224,158,128,93,59,45,15,5,444801.321139298
"HOSPITAL DE SAN JOSE, SOCIEDAD DE CIRUGÍA DE BOGOTÁ - BANCO DE SANGRE - Cll 10 No.18-75",11,11001,11001000,110011000000004103,0.0232334791293,3.29353991723e-5,4103,32,0,151,0,379,0,7,0,0,0,2,0,0,136,0,1,0,2,0,1460,45,37,38,0,51,78,77,66,37,35,29,44,44,48,31,15,23,3,4,0,0,35,38,29,1,43,73,50,43,44,32,28,22,31,20,22,13,9,5,3,1,0,404131.318746867
HOSPITAL ENGATIVA,11,11001,11001000,110011000000005622,0.0639074859324,1.04897275689e-4,5622,171,0,3179,5,8826,0,22,0,7,0,14,0,15,669,1,8,0,1,0,35308,789,876,901,3,1192,1546,1682,1538,1386,1036,916,1048,1007,829,606,382,209,121,60,23,4,727,808,959,5,1194,1604,1785,1567,1425,1171,1206,1420,1574,1319,986,644,403,282,171,67,26,1286934.50299916
HOSPITAL INFANTIL  SAN JOSE - LABORATORIO GOMEZ VESGA  - Carrera 52 A No. 67 A - 71,11,11001,11001000,110011000000005102,0.0354823171324,4.82273303103e-5,5102,23,0,21,1,340,0,4855,0,6,0,2,0,5,488,0,13,0,2,0,14094,304,359,406,2,460,533,527,539,586,564,495,413,408,305,195,135,116,61,33,17,2,321,339,402,3,389,530,543,603,706,661,589,580,510,433,326,268,196,116,70,33,16,591719.263512701
"HOSPITAL INFANTIL UNIVERSITARIO DE SAN JOSE, FUNDACION - BANCO DE SANGRE - Cr 52 No.67 A-71",11,11001,11001000,110011000000005102,0.0354823171324,4.82273303103e-5,5102,23,0,21,1,340,0,4855,0,6,0,2,0,5,488,0,13,0,2,0,14094,304,359,406,2,460,533,527,539,586,564,495,413,408,305,195,135,116,61,33,17,2,321,339,402,3,389,530,543,603,706,661,589,580,510,433,326,268,196,116,70,33,16,591719.263512701
HOSPITAL MEISSEN,11,11001,11001000,110011000000002514,0.0236339203141,2.56371058992e-5,2514,1011,5,769,1,6,0,2,0,0,0,0,0,2,6,3,7,0,0,0,4671,235,274,248,0,267,343,307,237,194,147,168,172,139,99,52,25,31,17,9,0,1,227,237,241,0,268,335,293,241,179,179,179,191,158,80,52,42,46,16,13,3,0,314597.269168637
HOSPITAL MILITAR CENTRAL - BANCO DE SANGRE - Tv 3 No. 49-00,11,11001,11001000,110011000000008208,0.0372480349397,4.76997512405e-5,8208,648,3,243,0,135,0,3243,0,96,0,9,0,6,828,1,30,1,2,0,9212,165,134,152,3,314,534,722,651,481,334,209,220,189,142,104,67,44,17,10,5,1,163,145,128,2,299,670,676,629,401,267,228,244,222,201,118,100,54,42,22,8,4,585270.782187908
HOSPITAL MILITAR CENTRAL - Transversal 3 No. 49-00,11,11001,11001000,110011000000008208,0.0372480349397,4.76997512405e-5,8208,648,3,243,0,135,0,3243,0,96,0,9,0,6,828,1,30,1,2,0,9212,165,134,152,3,314,534,722,651,481,334,209,220,189,142,104,67,44,17,10,5,1,163,145,128,2,299,670,676,629,401,267,228,244,222,201,118,100,54,42,22,8,4,585270.782187908
HOSPITAL SAN JOSE - Cll 10 No 18 - 75,11,11001,11001000,110011000000004103,0.0232334791293,3.29353991723e-5,4103,32,0,151,0,379,0,7,0,0,0,2,0,0,136,0,1,0,2,0,1460,45,37,38,0,51,78,77,66,37,35,29,44,44,48,31,15,23,3,4,0,0,35,38,29,1,43,73,50,43,44,32,28,22,31,20,22,13,9,5,3,1,0,404131.318746867
HOSPITAL UNIVERSITARIO CLÍNICA SAN RAFAEL - BANCO DE SANGRE - Cr 8 No. 17-45 Sur,11,11001,11001000,110011000000001205,0.0222373077789,2.54045107907e-5,1205,6,0,37,0,878,0,2,0,3,0,0,0,0,42,0,2,0,0,0,2822,58,67,83,0,94,124,127,136,106,80,60,91,81,68,56,30,25,18,5,5,3,66,75,69,0,98,124,124,114,105,99,88,99,111,104,73,42,29,28,26,10,4,311735.466501399
HOSPITAL UNIVERSITARIO CLINICA SAN RAFAEL - Cra 8 No. 17 - 45 Sur,11,11001,11001000,110011000000001205,0.0222373077789,2.54045107907e-5,1205,6,0,37,0,878,0,2,0,3,0,0,0,0,42,0,2,0,0,0,2822,58,67,83,0,94,124,127,136,106,80,60,91,81,68,56,30,25,18,5,5,3,66,75,69,0,98,124,124,114,105,99,88,99,111,104,73,42,29,28,26,10,4,311735.466501399
HOSPITAL UNIVERSITARIO MAYOR MEDERI - Calle 24 29 45,11,11001,11001000,110011000000006108,0.0248087499308,3.42763883181e-5,6108,19,2,48,0,1162,1,1222,0,1,0,3,0,2,189,0,7,0,5,0,8064,139,133,142,2,227,306,312,233,241,181,163,197,208,189,164,111,70,46,31,14,1,128,142,144,0,207,315,304,279,281,202,223,257,282,263,203,141,90,70,48,16,10,420575.848832075
HOSPITAL UNIVERSITARIO NACIONAL - Calle 44 59 - 75,11,11001,11001000,110011000000005109,0.0348671282148,5.9814141659e-5,5109,0,0,5,0,35,0,12,0,5,0,1,0,0,0,0,0,0,1,0,2072,1,0,0,0,3,11,6,4,3,3,3,3,7,3,4,0,1,0,1,0,0,1,0,0,0,3,6,6,3,4,2,4,5,2,6,2,0,1,1,0,0,0,733904.369146147
HOSPITAL UNIVERSITARIO SAN IGNACIO - Cra 7 No 40 - 62,11,11001,11001000,110011000000008210,0.0165742728422,1.49540884167e-5,8210,6,0,14,0,28,0,541,0,2,0,1,0,1,133,0,4,0,0,0,1761,13,18,11,0,40,70,83,66,66,33,32,27,23,19,13,10,3,1,3,1,0,11,13,3,0,45,94,68,66,65,37,21,42,24,29,18,13,9,5,3,0,0,183486.690463183
IDIME SEDE CLÍNICA NUEVA EL LAGO - Calle 76 Nº 15-55,11,11001,11001000,110011000000008306,0.0270521332333,3.95744087654e-5,8306,38,0,81,0,207,0,321,0,317,1,66,0,6,150,1,8,0,0,1,7745,57,51,49,1,73,95,111,95,97,79,58,58,70,56,41,30,23,19,14,6,0,44,35,44,0,78,118,127,100,101,82,74,91,88,88,57,56,33,34,17,13,4,485557.396783579
INNOVAR SALUD SAS - Carrera 89D No. 91 56,11,11001,11001000,110011000000005304,0.0359643178669,5.95424611329e-5,5304,15,0,41,0,58,0,693,0,1110,0,5,0,3,338,0,12,0,3,0,8307,95,69,87,3,107,159,180,185,165,165,126,140,144,130,129,66,49,38,34,14,6,90,74,84,3,115,194,195,209,187,177,160,172,237,189,163,108,83,80,62,33,9,730530.829937347
INSTITUTO DE ORTOPEDIA INFANTIL ROOSEVELT - CRA  4 ESTE NO 17-50,11,11001,11001000,110011000000003104,0.0490341751004,3.93018751396e-5,3104,48,28,270,10,22,0,0,0,2,0,1,0,2,47,1,3,0,0,0,2033,24,28,34,0,41,44,34,42,37,18,26,37,33,21,21,12,9,8,1,0,0,19,27,24,0,34,52,44,35,41,25,28,31,38,19,17,16,12,5,5,5,1,482255.105853721
INSTITUTO NACIONAL DE CANCEROLOGIA - Calle 1 A No. 9-85 sur,11,11001,11001000,110011000000001209,0.0167437642735,1.42717180637e-5,1209,8,0,40,0,846,1,0,0,0,0,0,0,0,56,2,1,0,0,0,2272,76,89,92,0,101,123,118,90,105,97,84,88,67,54,51,37,24,7,3,3,0,66,107,84,0,103,125,125,117,96,100,85,93,93,105,52,48,21,22,14,2,5,175124.131908655
IPS BEST HOME CARE - Av 28 69 76 To 3 Ps 12,11,11001,11001000,110011000000005506,0.0474942171758,1.33354636921e-4,5506,21,1,52,0,406,0,218,0,44,0,2,0,1,8,0,16,0,2,0,4807,55,58,69,0,77,73,96,99,122,77,59,45,45,28,22,9,9,4,2,0,1,74,46,54,0,58,79,108,92,125,88,55,60,38,43,21,11,7,8,3,0,0,1636183.58023403
IPS BIENESTAR - CRA 40 NO 20-73,11,11001,11001000,110011000000006208,0.0505293668797,6.91595035681e-5,6208,24,0,39,1,143,0,2886,0,8,0,2,0,6,215,1,7,0,0,0,9146,157,172,188,0,250,342,326,291,315,305,222,274,270,233,161,87,65,43,19,10,1,145,131,166,0,234,320,349,349,400,332,303,323,377,266,199,131,101,70,34,24,4,848584.586818056
IPS FORJA EMPRESAS SAS - Tv 21 No 98-71 Ps 2,11,11001,11001000,110011000000008315,0.032969756612,5.24013751182e-5,8315,5,1,20,0,45,1,23,0,206,0,3072,0,6,653,2,7,0,2,0,9401,179,145,120,4,128,241,317,386,391,277,201,189,190,197,161,117,77,49,31,17,6,182,139,86,4,130,260,369,450,389,288,240,260,278,243,192,142,101,70,57,27,8,642916.33821235
IPS GOLEMAN SEDE KENNEDY - CRA 59 NO 35-59,11,11001,11001000,110011000000004505,0.0438545337818,7.35995260844e-5,4505,11,0,48,0,5614,5,2,0,2,0,1,0,6,384,1,9,0,1,0,16583,399,468,567,10,675,800,798,685,667,535,464,505,497,417,278,234,139,102,41,14,6,406,489,496,9,630,782,806,700,715,568,624,709,652,514,393,293,208,107,82,26,9,903085.337854783
IPS GOLEMAN SEDE YENNY SORAYA SALAZAR -Carrera 35 BIS 58 83,11,11001,11001000,110011000000005105,0.0177926344106,1.48523550675e-5,5105,2,0,19,0,16,0,993,0,13,0,1,0,1,146,0,3,0,0,0,4302,52,59,38,1,53,105,107,134,112,83,74,71,90,80,54,41,28,27,10,10,2,45,51,50,1,75,117,118,124,103,80,90,111,130,125,77,64,43,50,34,11,6,182233.171407918
JAVESALUD SEDE JAVERIANA -Carrera 7  No. 40 B 17,11,11001,11001000,110011000000008210,0.0165742728422,1.49540884167e-5,8210,6,0,14,0,28,0,541,0,2,0,1,0,1,133,0,4,0,0,0,1761,13,18,11,0,40,70,83,66,66,33,32,27,23,19,13,10,3,1,3,1,0,11,13,3,0,45,94,68,66,65,37,21,42,24,29,18,13,9,5,3,0,0,183486.690463183
LABORATORIO CENTRALIZADO DE VIH - Transversal 60 n. 106-75,11,11001,11001000,110011000000005307,0.0401047778077,7.51064026674e-5,5307,8,2,62,0,308,0,3737,2,22,0,2,0,4,377,1,19,0,1,0,11962,225,236,222,2,293,412,380,361,405,360,359,364,355,320,231,187,174,99,84,29,1,196,205,225,2,260,388,432,425,472,391,386,465,516,414,386,296,237,207,113,53,14,921480.010780834
LABORATORIO DANIEL GAMBOA - CLINICA DE MARLY - Cll 50 No 9 - 67,11,11001,11001000,110011000000008212,0.023360866511,2.79439010124e-5,8212,29,1,119,1,136,0,2554,3,8,0,5,0,2,457,1,17,0,4,0,6587,68,68,59,2,139,263,440,433,287,204,112,110,107,89,73,47,28,19,14,1,0,62,63,59,1,123,359,426,371,282,178,144,139,157,154,81,59,44,34,27,8,1,342868.171942772
LABORATORIO DE INVESTIGACIÓN HORMONAL - Carrera 21 No. 166-81,11,11001,11001000,110011000000008501,0.0333146753331,6.17245779285e-5,8501,5,0,312,0,2607,0,534,0,1,0,4,0,1,161,1,4,0,0,0,20691,224,248,306,0,340,461,453,474,395,300,275,284,216,220,162,120,85,34,23,11,0,214,238,251,0,375,518,523,388,452,384,354,306,348,320,238,162,91,64,46,11,7,757235.793968648
LOS COBOS MEDICAL CENTER - Cra 9 No 131a -02,11,11001,11001000,110011000000008402,0.0532275529306,1.70939159184e-4,8402,3,0,37,0,37,0,34,0,1794,1,3486,2,6,755,0,18,0,0,0,15507,260,315,312,9,399,492,440,292,334,375,411,446,522,414,408,313,261,182,113,31,18,244,294,336,6,390,506,463,379,439,560,581,606,677,610,491,405,319,229,156,64,20,2097188.02582422
MEDI HOME SAS - SALUD COLSANITAS CALLE 96,11,11001,11001000,110011000000008301,0.0301851571276,4.6396705585e-5,8301,16,6,76,0,103,0,55,1,46,0,2017,2,7,626,3,8,0,1,0,15575,106,89,64,3,110,161,227,241,238,180,166,128,139,115,81,75,49,39,31,11,0,110,82,72,1,108,198,232,231,229,201,185,193,172,151,137,122,59,43,47,21,7,569246.850253016
MEDICAL ENERGY SAS - Calle 6A No. 70B 88,11,11001,11001000,110011000000006502,0.0439537081964,7.34066871337e-5,6502,3,1,127,0,3928,4,969,0,7,0,3,0,6,528,1,11,0,0,0,13849,343,400,402,5,500,650,641,606,622,507,514,511,464,364,257,192,129,110,60,23,5,312,379,400,3,462,698,657,595,665,601,563,654,621,495,343,274,199,141,61,33,8,900694.240703791
MEDPLUS CENTRO DE RECUPERACION INTEGRAL - ransversal 23 No. 94-25,11,11001,11001000,110011000000008307,0.0435760052961,7.86896249657e-5,8307,19,22,70,3,68,0,53,0,81,0,3339,1,7,916,3,9,0,1,0,14060,204,127,136,3,171,223,309,426,412,299,218,235,257,212,168,119,76,66,32,13,3,197,150,138,5,183,297,380,449,374,310,292,296,344,271,218,157,109,90,61,28,8,965457.388221986
MEDPLUS MEDICINA PREPAGADA - CALLE 45C NO 22-59,11,11001,11001000,110011000000007205,0.024934477249,2.92186407072e-5,7205,48,2,36,0,416,0,2199,1,2,0,1,0,5,139,1,22,0,0,0,7048,77,83,73,0,128,267,288,308,261,175,122,143,151,123,85,44,31,33,25,5,4,70,84,76,2,130,230,287,295,249,196,140,141,160,171,118,72,70,56,29,10,4,358509.514181287
NATIONAL CLINICS CENTENARIO-Calle 13 No. 17-21,11,11001,11001000,110011000000004103,0.0232334791293,3.29353991723e-5,4103,32,0,151,0,379,0,7,0,0,0,2,0,0,136,0,1,0,2,0,1460,45,37,38,0,51,78,77,66,37,35,29,44,44,48,31,15,23,3,4,0,0,35,38,29,1,43,73,50,43,44,32,28,22,31,20,22,13,9,5,3,1,0,404131.318746867
N-P MEDICAL IPS SAS - CRA 56 NO 5C-38,11,11001,11001000,110011000000008213,0.0270824301586,3.68105108843e-5,8213,21,2,79,0,3222,5,572,1,14,0,7,0,5,787,1,22,0,13,0,10419,109,87,70,2,118,379,588,678,487,318,167,160,167,167,105,77,38,38,18,8,1,86,78,71,1,147,387,575,542,355,230,177,158,202,168,134,99,69,45,44,13,9,451654.924386477
PLATINUM HEALTH GROUP IPS SAS - CARRERA 19 37 36,11,11001,11001000,110011000000007104,0.0259502577195,2.92123710075e-5,7104,54,0,45,0,128,0,927,1,3,0,2,0,2,147,1,7,0,0,0,4259,60,49,62,1,86,121,159,139,148,100,57,77,58,51,38,22,18,17,11,4,1,41,52,51,1,71,109,156,162,138,94,66,84,108,71,43,28,36,24,12,5,1,358438.465748377
POLICIA NACIONAL SANIDAD UNIDAD SAN ANTONIO - AV CARACAS 2-67 SUR,11,11001,11001000,110011000000005109,0.0348671282148,5.9814141659e-5,5109,0,0,5,0,35,0,12,0,5,0,1,0,0,0,0,0,0,1,0,2072,1,0,0,0,3,11,6,4,3,3,3,3,7,3,4,0,1,0,1,0,0,1,0,0,0,3,6,6,3,4,2,4,5,2,6,2,0,1,1,0,0,0,733904.369146147
PROYECTAR SALUD SAS - CALLE 25 G 84 A 61,11,11001,11001000,110011000000006301,0.0325603827599,5.75704458988e-5,6301,5,1,17,0,990,0,2234,0,3,0,2,0,9,364,2,13,0,1,0,12446,164,186,228,4,285,362,382,355,346,287,280,283,304,226,170,112,99,69,30,11,5,151,183,207,5,255,410,373,365,375,327,311,390,408,277,223,192,162,95,63,26,4,706347.917087082
SANITAS UNIDAD DE URGENCIAS PUENTE ARANDA - CARRERA 62 No 14-04,11,11001,11001000,110011000000006305,0.0417808967563,9.02484297907e-5,6305,21,0,34,0,45,2,8,0,1,0,2,0,2,0,2,2,0,1,0,1818,7,9,2,0,10,10,17,22,11,10,10,7,12,10,2,4,1,1,0,0,0,11,5,8,0,12,10,18,15,8,10,8,7,10,3,5,5,2,1,2,0,0,1107333.22081477
SERVICIOS MEDICOS VITAL HEALTH - Calle 30 17 70,11,11001,11001000,110011000000007105,0.0155635754869,1.42113443551e-5,7105,53,0,16,0,157,0,763,0,1,0,1,0,2,105,0,9,0,0,0,2888,43,38,31,1,51,94,109,115,125,82,72,65,61,59,41,23,22,15,6,7,0,33,37,28,0,41,91,107,135,95,76,59,58,81,61,59,34,16,20,12,6,2,174375.533903672
SERVIMED IPS - Calle 53 A Sur No. 33 86,11,11001,11001000,110011000000002402,0.0311269819581,4.37269478412e-5,2402,83,1,5391,11,1169,1,3,0,0,0,1,0,5,198,0,8,0,4,0,16936,616,661,784,2,788,1054,967,809,738,585,619,676,578,434,282,189,136,130,61,8,9,561,681,676,4,819,1061,1002,793,785,744,793,768,658,496,342,241,204,154,110,36,11,536564.552339491
SUBRED CENTRO ORIENTE,11,11001,11001000,110011000000002102,0.0287056283555,4.99520307938e-5,2102,13,2,54,0,3303,1,4,0,0,0,5,0,3,254,2,8,0,0,0,12095,252,294,322,2,362,472,472,433,394,334,306,321,287,260,190,131,92,61,28,9,3,217,274,304,1,378,549,498,415,420,347,344,392,352,312,239,213,150,104,69,30,7,612943.863207158
SUBRED CENTRO ORIENTE - Diagonal 34 No. 5-43,11,11001,11001000,110011000000008103,0.0151401915903,8.43703957443e-6,8103,14,0,22,0,80,1,50,0,2,0,5,0,0,9,0,2,0,0,0,961,4,12,9,2,13,13,18,16,24,16,9,8,14,10,6,5,5,0,2,0,0,4,8,12,1,9,20,23,20,21,19,10,16,13,8,5,4,6,6,5,1,0,103523.554349696
TOTAL SANAR S A S - CALLE 65 SUR 78 L 43,11,11001,11001000,110011000000004529,0.0413929004891,5.1474071364e-5,4529,16,0,4073,3,60,0,3,0,0,0,0,0,4,111,0,3,1,0,0,12527,365,463,512,1,546,693,603,539,489,431,380,444,361,242,203,167,130,89,40,11,0,378,427,502,3,513,682,676,556,555,471,516,530,460,324,308,245,178,130,52,19,5,631607.929711852
UNISALUD UNIVERSIDAD NACIONAL DE COLOMBIA - Carrera 45 No. 26 - 85,11,11001,11001000,110011000000005109,0.0348671282148,5.9814141659e-5,5109,0,0,5,0,35,0,12,0,5,0,1,0,0,0,0,0,0,1,0,2072,1,0,0,0,3,11,6,4,3,3,3,3,7,3,4,0,1,0,1,0,0,1,0,0,0,3,6,6,3,4,2,4,5,2,6,2,0,1,1,0,0,0,733904.369146147
USS BOSA - Calle 63 A Sur No.85-90,11,11001,11001000,110011000000004524,0.0227725403473,2.03965419796e-5,4524,8,0,2372,0,30,0,1,0,4,0,0,0,2,57,2,4,0,0,0,7512,249,299,301,1,317,375,432,321,317,245,249,232,172,128,124,109,76,44,21,3,0,244,299,288,0,318,424,392,340,322,258,276,257,222,187,165,136,102,55,23,10,2,250275.229116373
USS CHAPINERO - Calle 76 No. 21 - 10 PISO 2,11,11001,11001000,110011000000007305,0.0181614233572,1.8505456631e-5,7305,14,0,101,1,712,0,12,0,3,0,0,0,0,193,0,7,0,1,0,1940,46,40,38,4,58,96,137,124,95,76,66,48,62,48,28,18,16,10,5,3,0,35,41,35,0,68,113,121,90,93,58,61,60,79,55,32,28,24,18,8,5,1,227054.342977549
USS EL TUNAL - TRANSVERSAL 22 No. 47 B 51 SUR,11,11001,11001000,110011000000002401,0.0271865762445,3.39528672167e-5,2401,5,0,38,0,3207,1,2,0,2,0,1,0,3,166,1,3,0,0,0,8789,231,249,331,2,370,381,424,372,390,299,278,262,285,234,175,118,70,33,22,4,1,182,267,288,0,305,399,388,406,410,357,368,319,351,350,273,157,86,69,43,16,6,416632.137796541
USS ENGATIVA - Calle 48 No.73 A 51,11,11001,11001000,110011000000005622,0.0639074859324,1.04897275689e-4,5622,171,0,3179,5,8826,0,22,0,7,0,14,0,15,669,1,8,0,1,0,35308,789,876,901,3,1192,1546,1682,1538,1386,1036,916,1048,1007,829,606,382,209,121,60,23,4,727,808,959,5,1194,1604,1785,1567,1425,1171,1206,1420,1574,1319,986,644,403,282,171,67,26,1286934.50299916
USS FONTIBON - Cra. 104 No.29-41 Piso 3,11,11001,11001000,110011000000006408,0.0286636025978,3.31797915741e-5,6408,5,0,50,1,3244,3,8,0,3,0,3,0,5,267,0,3,0,0,0,9798,271,292,307,1,374,460,422,431,406,293,284,282,283,189,154,120,74,46,30,8,1,306,300,311,1,383,458,475,446,405,310,337,326,326,264,190,153,112,88,40,24,6,407091.77890775
USS JORGE ELIECER GAITAN - CL 6 #4A-26 ESTE,11,11001,11001000,110011000000003205,0.0209292291369,1.10223299172e-5,3205,42,1,1268,6,43,0,1,0,1,0,0,0,6,87,4,1,0,0,0,3031,130,149,155,0,163,168,180,154,136,103,102,117,111,77,54,34,33,10,14,4,1,104,148,153,1,163,181,185,158,139,121,111,129,114,101,71,36,42,28,16,3,0,135251.310590234
USS LA VICTORIA - Diag. 39 Sur No.3-20 Este,11,11001,11001000,110011000000001331,0.0197130561518,1.54939678071e-5,1331,2,0,699,0,11,0,0,0,0,0,0,0,1,137,0,0,0,0,0,2037,103,102,140,1,146,130,125,107,134,99,82,62,65,44,44,32,19,10,3,2,0,86,100,116,0,138,130,142,129,132,92,83,114,65,64,52,48,23,13,5,2,0,190130.164969503
USS MATERNO INFANTIL - AV. CARRERA 10 No 1 -66 sur,11,11001,11001000,110011000000001209,0.0167437642735,1.42717180637e-5,1209,8,0,40,0,846,1,0,0,0,0,0,0,0,56,2,1,0,0,0,2272,76,89,92,0,101,123,118,90,105,97,84,88,67,54,51,37,24,7,3,3,0,66,107,84,0,103,125,125,117,96,100,85,93,93,105,52,48,21,22,14,2,5,175124.131908655
USS MEISSEN - Cll 60 Sur No.18 K 13,11,11001,11001000,110011000000002514,0.0236339203141,2.56371058992e-5,2514,1011,5,769,1,6,0,2,0,0,0,0,0,2,6,3,7,0,0,0,4671,235,274,248,0,267,343,307,237,194,147,168,172,139,99,52,25,31,17,9,0,1,227,237,241,0,268,335,293,241,179,179,179,191,158,80,52,42,46,16,13,3,0,314597.269168637
USS OCCIDENTE DE KENNEDY - Av. 1ro de Mayo No. 75 A 19,11,11001,11001000,110011000000004512,0.0327125801537,2.9489863152e-5,4512,7,1,20,0,2376,0,5,0,1,0,2,0,2,116,0,2,0,1,0,7814,195,192,274,2,281,331,323,279,249,246,196,259,281,246,146,102,75,52,22,13,5,154,217,224,1,261,347,342,294,299,249,256,325,315,284,175,136,114,76,63,25,5,361847.57765834
USS PABLO VI BOSA - Cra 78 A Bis No.69B-70 sur,11,11001,11001000,110011000000004527,0.0509891885801,1.1572155511e-4,4527,65,9,14900,8,109,0,8,0,6,0,0,0,11,372,5,23,0,3,0,44492,1635,1755,1975,2,2264,2558,2370,1859,1644,1580,1431,1435,1071,787,565,422,304,168,83,22,5,1610,1799,1936,4,2250,2591,2238,1894,1906,1781,1812,1515,1224,932,729,543,395,223,130,43,10,1419958.47465743
USS PATIO BONITO TINTAL - Calle 10 # 86-58,11,11001,11001000,110011000000004558,0.0383900419849,6.34376146816e-5,4558,28,2,759,2,646,0,0,0,0,0,0,0,1,305,0,3,0,1,0,3607,142,118,98,0,110,145,216,208,265,187,124,97,64,38,23,11,12,5,1,2,1,128,106,98,0,110,174,232,251,238,131,112,96,69,64,39,34,16,13,3,0,0,778352.148561998
USS SAN BLASS - Cra 3a. Este No. 16 -72 Sur,11,11001,11001000,110011000000001106,0.0499993167606,6.45123443934e-5,1106,562,2,4402,16,931,0,3,0,1,0,3,0,5,232,4,6,0,3,0,16271,648,674,752,0,825,1014,840,720,667,571,527,611,449,346,221,160,106,69,29,7,1,537,672,723,0,830,962,891,793,738,650,705,667,489,378,278,210,169,113,49,21,6,791633.102272451
USS SANTA CLARA - Cra. 15 No. 1-59 Sur,11,11001,11001000,110011000000002102,0.0287056283555,4.99520307938e-5,2102,13,2,54,0,3303,1,4,0,0,0,5,0,3,254,2,8,0,0,0,12095,252,294,322,2,362,472,472,433,394,334,306,321,287,260,190,131,92,61,28,9,3,217,274,304,1,378,549,498,415,420,347,344,392,352,312,239,213,150,104,69,30,7,612943.863207158
USS SANTA LIBRADA I - KR 9 B No. 75 - 49 SUR,11,11001,11001000,110011000000002528,0.0281073233346,3.98301904678e-5,2528,64,1,4851,5,58,0,39,0,16,0,1,0,5,104,2,4,0,2,0,12790,571,608,622,0,699,804,712,624,570,439,432,409,343,242,204,163,116,50,35,6,1,510,592,589,0,676,825,746,596,599,558,508,455,375,333,242,202,121,90,39,13,5,488791.280307066
USS SIMON BOLIVAR - CARRERA 7 A 165 - 00,11,11001,11001000,110011000000008505,0.0279213768024,4.50376390828e-5,8505,21,10,67,0,4635,2,8,0,2,0,2,0,6,87,2,10,0,2,0,30101,405,431,462,2,525,762,730,625,575,416,429,405,346,242,179,126,109,48,35,15,3,380,414,433,3,531,736,697,654,622,515,511,471,423,314,275,220,147,116,53,29,11,552526.828524647
USS SUBA - Cra. 90 No. 144-60,11,11001,11001000,110011000000009201,0.0647754392506,1.79479990682e-4,9201,29,7,3169,14,2592,5,377,0,21,0,479,0,7,753,3,21,1,2,0,17600,521,614,666,0,745,968,968,848,819,720,614,527,433,358,259,151,102,69,40,11,2,539,610,603,1,701,904,930,803,896,748,751,661,568,447,303,206,175,108,50,26,6,2201870.3069369
USS TRINIDAD GALAN - Cra. 60 No. 4 - 15,11,11001,11001000,110011000000004306,0.0224677177256,1.65086269881e-5,4306,5,0,11,0,1230,0,3,0,0,0,0,0,0,99,1,3,0,0,0,4600,115,94,109,0,123,176,174,188,161,121,126,107,114,88,48,42,34,15,9,9,1,105,113,122,1,126,177,207,185,144,132,142,129,145,91,55,44,36,40,22,14,1,202561.781174012
VIRREY SOLIS AMERICAS URGENCIAS - Av. Américas No.66 A-27,11,11001,11001000,110011000000004305,0.0261107264665,3.83636188649e-5,4305,2,0,15,0,1352,1,67,0,0,0,0,0,1,86,1,3,0,1,0,5115,111,122,125,0,148,204,174,197,177,112,119,134,134,92,37,22,26,31,14,7,3,110,118,121,2,119,170,232,208,175,128,147,152,135,104,76,45,48,40,32,16,4,470723.288262415
VIRREY SOLIS CALLE 98 - Calle 98 #49-50,11,11001,11001000,110011000000005304,0.0359643178669,5.95424611329e-5,5304,15,0,41,0,58,0,693,0,1110,0,5,0,3,338,0,12,0,3,0,8307,95,69,87,3,107,159,180,185,165,165,126,140,144,130,129,66,49,38,34,14,6,90,74,84,3,115,194,195,209,187,177,160,172,237,189,163,108,83,80,62,33,9,730530.829937347
VIVA 1A IPS ANDAR ALQUERIA - Av. Cra 68 No 31-41 Sur PI 1,11,11001,11001000,110011000000004410,0.0431310370511,7.82313266288e-5,4410,25,1,6502,5,772,0,10,0,1,0,3,0,6,319,0,8,0,2,0,19863,741,775,757,0,935,1271,1286,976,852,694,752,621,515,381,271,258,204,141,51,20,5,677,760,747,0,896,1288,1213,952,817,755,789,831,603,445,375,363,293,200,104,37,16,959933.476489362
VIVA 1A KENNEDY - Carrera 78d 40 Sur 59,11,11001,11001000,110011000000004511,0.0304356955303,3.8559268298e-5,4511,7,0,38,0,3436,1,18,0,2,0,1,0,3,257,1,5,0,2,0,10719,255,318,324,3,354,494,499,387,368,279,263,362,366,332,210,102,92,65,60,13,6,238,337,324,1,363,464,492,416,379,317,341,444,467,392,243,160,152,160,113,41,14,473127.297746021
VIVA 1A MARLY - Calle 49 13 61,11,11001,11001000,110011000000008212,0.023360866511,2.79439010124e-5,8212,29,1,119,1,136,0,2554,3,8,0,5,0,2,457,1,17,0,4,0,6587,68,68,59,2,139,263,440,433,287,204,112,110,107,89,73,47,28,19,14,1,0,62,63,59,1,123,359,426,371,282,178,144,139,157,154,81,59,44,34,27,8,1,342868.171942772
VIVA UNO A - Carrera 21 No 166-42,11,11001,11001000,110011000000008501,0.0333146753331,6.17245779285e-5,8501,5,0,312,0,2607,0,534,0,1,0,4,0,1,161,1,4,0,0,0,20691,224,248,306,0,340,461,453,474,395,300,275,284,216,220,162,120,85,34,23,11,0,214,238,251,0,375,518,523,388,452,384,354,306,348,320,238,162,91,64,46,11,7,757235.793968648
VIVA UNO IPS AMERICAS - AV AMERICAS N 61-43,11,11001,11001000,110011000000004501,0.0329491412101,5.51359130564e-5,4501,5,0,255,0,2994,0,9,0,3,0,1,0,3,296,1,5,0,0,0,9366,201,246,277,0,343,427,404,400,369,313,289,290,311,231,210,146,99,79,37,6,3,202,224,294,3,335,433,432,385,431,363,372,400,405,320,270,188,153,120,74,31,3,676519.207321441
